<?xml version="1.0" encoding="UTF-8"?>
<!DOCTYPE fontscolors PUBLIC "-//NetBeans//DTD Editor Fonts and Colors settings 1.1//EN" "http://www.netbeans.org/dtds/EditorFontsColors-1_1.dtd">
<fontscolors>
    <fontcolor bgColor="orange" foreColor="ff666666" name="code-folding"/>
    <fontcolor bgColor="cyan" foreColor="black" name="caret-color-insert-mode"/>
    <fontcolor foreColor="ff6b8eb2" name="nbeditor-bracesMatching-sidebar"/>
    <fontcolor bgColor="ffe0e8f1" foreColor="black" name="block-search"/>
    <fontcolor foreColor="ffffa8a8" name="text-limit-line-color"/>
    <fontcolor bgColor="ffdfdfdf" name="readonly-files"/>
    <fontcolor bgColor="fff3ff0f" foreColor="black" name="nbeditor-bracesMatching-match-multichar"/>
    <fontcolor bgColor="ffe9e8e2" foreColor="black" name="line-number"/>
    <fontcolor foreColor="blue" name="hyperlinks" underline="blue"/>
    <fontcolor bgColor="darkGray" name="highlight-caret-row"/>
    <fontcolor foreColor="red" name="status-bar-bold"/>
    <fontcolor bgColor="red" foreColor="black" name="caret-color-overwrite-mode"/>
    <fontcolor bgColor="ffff0f75" foreColor="white" name="selection"/>
    <fontcolor bgColor="cyan" name="status-bar"/>
    <fontcolor bgColor="ffffb442" foreColor="black" name="inc-search"/>
    <fontcolor bgColor="blue" foreColor="ffcc0099" name="synchronized-text-blocks-ext"/>
    <fontcolor bgColor="pink" foreColor="ff666666" name="code-folding-bar"/>
    <fontcolor bgColor="ffffb442" foreColor="black" name="highlight-search"/>
    <fontcolor bgColor="ffd83636" foreColor="white" name="nbeditor-bracesMatching-mismatch-multichar"/>
    <fontcolor bgColor="magenta" foreColor="ff996600" name="synchronized-text-blocks-ext-slave"/>
    <fontcolor bgColor="blue" name="guarded"/>
    <fontcolor bgColor="fff3ff0f" foreColor="black" name="nbeditor-bracesMatching-match"/>
    <fontcolor bgColor="ffd83636" foreColor="white" name="nbeditor-bracesMatching-mismatch"/>
</fontscolors>
