<?xml version="1.0" encoding="UTF-8"?>
<!DOCTYPE fontscolors PUBLIC "-//NetBeans//DTD Editor Fonts and Colors settings 1.1//EN" "http://www.netbeans.org/dtds/EditorFontsColors-1_1.dtd">
<fontscolors>
    <fontcolor foreColor="ffa5ea52" name="mod-method">
        <font style="bold"/>
    </fontcolor>
    <fontcolor default="comment" foreColor="ff9c9c9c" name="mod-annotation-type">
        <font style="bold"/>
    </fontcolor>
    <fontcolor default="uncovered" name="uncovered"/>
    <fontcolor name="mod-deprecated" strikeThrough="black"/>
    <fontcolor bgColor="black" name="mark-occurrences"/>
    <fontcolor default="field" foreColor="white" name="mod-field"/>
    <fontcolor bgColor="magenta" foreColor="ff6c3d03" name="heredocdelimiter"/>
    <fontcolor default="separator" foreColor="red" name="phpopenclose">
        <font style="bold"/>
    </fontcolor>
    <fontcolor default="covered" name="covered"/>
    <fontcolor bgColor="white" default="constant" foreColor="red" name="constant">
        <font style="italic"/>
    </fontcolor>
    <fontcolor default="keyword" name="keyword"/>
    <fontcolor foreColor="ffae81ff" name="mod-static">
        <font style="italic"/>
    </fontcolor>
    <fontcolor default="number" foreColor="ffc26ffe" name="number"/>
    <fontcolor default="partial" name="partial"/>
    <fontcolor default="inferred" name="inferred"/>
    <fontcolor default="operator" foreColor="fffefefe" name="operator"/>
    <fontcolor foreColor="ff5dd9ef" name="mod-class">
        <font style="bold"/>
    </fontcolor>
    <fontcolor name="mod-unused" waveUnderlined="ff999999"/>
    <fontcolor default="comment" name="commentline"/>
    <fontcolor default="string" foreColor="fffee973" name="string"/>
    <fontcolor name="mod-custom1">
        <font style="bold"/>
    </fontcolor>
    <fontcolor default="comment" foreColor="lightGray" name="comment"/>
    <fontcolor default="comment" name="phpdockeyword">
        <font style="bold"/>
    </fontcolor>
    <fontcolor foreColor="ffececec" name="variable"/>
    <fontcolor default="identifier" name="identifier"/>
    <fontcolor default="separator" foreColor="white" name="separator"/>
</fontscolors>
