<?xml version="1.0" encoding="UTF-8"?>
<!DOCTYPE fontscolors PUBLIC "-//NetBeans//DTD Editor Fonts and Colors settings 1.1//EN" "http://www.netbeans.org/dtds/EditorFontsColors-1_1.dtd">
<fontscolors>
    <fontcolor name="error" waveUnderlined="red"/>
    <fontcolor foreColor="ffe6db74" name="char"/>
    <fontcolor foreColor="ff66ccb3" name="keyword"/>
    <fontcolor name="whitespace"/>
    <fontcolor foreColor="ff7fb347" name="number"/>
    <fontcolor default="keyword" name="markup-element"/>
    <fontcolor foreColor="ffd8d8d8" name="operator"/>
    <fontcolor name="url" underline="blue"/>
    <fontcolor default="identifier" foreColor="ffbed6ff" name="field"/>
    <fontcolor bgColor="ff272822" foreColor="fff8f8f2" name="default">
        <font name="Monospaced" size="13"/>
    </fontcolor>
    <fontcolor foreColor="ffe6db74" name="string"/>
    <fontcolor default="string" name="markup-attribute-value"/>
    <fontcolor default="default" foreColor="black" name="entity-reference">
        <font style="bold"/>
    </fontcolor>
    <fontcolor default="identifier" foreColor="white" name="method"/>
    <fontcolor foreColor="ff75715e" name="comment"/>
    <fontcolor name="identifier"/>
    <fontcolor name="warning" waveUnderlined="yellow"/>
    <fontcolor foreColor="ffd8d8d8" name="separator"/>
    <fontcolor default="field" name="markup-attribute"/>
</fontscolors>
