<?xml version="1.0" encoding="UTF-8"?>
<!DOCTYPE fontscolors PUBLIC "-//NetBeans//DTD Editor Fonts and Colors settings 1.1//EN" "http://www.netbeans.org/dtds/EditorFontsColors-1_1.dtd">
<fontscolors>
    <fontcolor name="error" waveUnderlined="red"/>
    <fontcolor bgColor="lightGray" foreColor="cyan" name="char"/>
    <fontcolor foreColor="fff92672" name="keyword"/>
    <fontcolor foreColor="black" name="whitespace"/>
    <fontcolor default="keyword" name="markup-element"/>
    <fontcolor foreColor="ffff2600" name="number"/>
    <fontcolor foreColor="white" name="operator"/>
    <fontcolor name="url" underline="blue"/>
    <fontcolor default="identifier" foreColor="ff009900" name="field"/>
    <fontcolor bgColor="ff2f2f2f" foreColor="white" name="default">
        <font name="Monospaced" size="13" style="plain"/>
    </fontcolor>
    <fontcolor foreColor="lightGray" name="string"/>
    <fontcolor default="default" foreColor="blue" name="entity-reference">
        <font style="bold"/>
    </fontcolor>
    <fontcolor default="string" name="markup-attribute-value"/>
    <fontcolor default="identifier" foreColor="magenta" name="method"/>
    <fontcolor foreColor="ff969696" name="comment"/>
    <fontcolor foreColor="ff5dd9ef" name="identifier"/>
    <fontcolor name="warning" waveUnderlined="yellow"/>
    <fontcolor name="separator"/>
    <fontcolor default="field" name="markup-attribute"/>
</fontscolors>
